1,清水 正道,001-0001,111-1111,営業,清水 正道,001-0001,6cBb2eF5
2,三原 康二,100-0001,111-1112,営業,清水 正道,001-0001,BAacEDD5
3,松澤 和仁,100-0002,111-1113,営業,清水 正道,001-0001,2D236d00
4,小松崎 俊一,100-0003,111-1114,営業,清水 正道,001-0001,0F5EdF4B
5,田崎 力,100-0004,111-1115,営業,清水 正道,001-0001,4545dDd7
6,城田 正登,100-0005,111-1116,営業,清水 正道,001-0001,eA005fBf
7,橋川 公司,100-0006,111-1117,営業,清水 正道,001-0001,FddABFE0
8,家村 久明,100-0007,111-1118,営業,清水 正道,001-0001,3d447Cfb
9,相模 弘貴,100-0008,111-1119,営業,清水 正道,001-0001,De5c4245
10,川森 祐嗣,100-0009,111-1120,営業,清水 正道,001-0001,Ef1dCfDC
11,渕上 理,100-0010,111-1121,営業,清水 正道,001-0001,b0C3EEeF
12,天津 欣司,100-0011,111-1122,営業,清水 正道,001-0001,4dCE434a
13,鶴本 安則,100-0012,111-1123,営業,清水 正道,001-0001,e70Ab20a
14,井阪 一毅,100-0013,111-1124,営業,清水 正道,001-0001,FEE5DeCE
15,明賀 尚之,100-0014,111-1125,営業,清水 正道,001-0001,25aFBAb0
16,鈴野 晴義,100-0015,111-1126,営業,清水 正道,001-0001,B2cCdCbB
17,長安 僚一,100-0016,111-1127,営業,清水 正道,001-0001,B17eDB7A
18,牧岡 有治,100-0017,111-1128,営業,清水 正道,001-0001,ea1Fc55b
19,石居 将男,100-0018,111-1129,営業,清水 正道,001-0001,2fD227Bc
20,小滝 寿治,100-0019,111-1130,営業,清水 正道,001-0001,5aE0f242
21,馬嶋 直敏,002-0002,222-2222,営業第二,馬嶋 直敏,002-0002,5E0B3f1f
22,茶円 宏,200-0001,222-2223,営業第二,馬嶋 直敏,002-0002,Ac57CcE6
23,堆 角栄,200-0002,222-2224,営業第二,馬嶋 直敏,002-0002,CFeC6eae
24,沖川 文規,200-0003,222-2225,営業第二,馬嶋 直敏,002-0002,A533E3DC
25,鳥屋尾 厳,200-0004,222-2226,営業第二,馬嶋 直敏,002-0002,Ca21bcFb
26,平識 一興,200-0005,222-2227,営業第二,馬嶋 直敏,002-0002,a1Af5b15
27,上土井 繁弘,200-0006,222-2228,営業第二,馬嶋 直敏,002-0002,1fA174EC
28,掛下 一泰,200-0007,222-2229,営業第二,馬嶋 直敏,002-0002,D6C4bAcF
29,烏賊 研史,200-0008,222-2230,営業第二,馬嶋 直敏,002-0002,6F23D5ad
30,吉延 聖史,200-0009,222-2231,営業第二,馬嶋 直敏,002-0002,ecC3c6eA
31,池内 美智男,200-0010,222-2232,営業第二,馬嶋 直敏,002-0002,46DfDd4F
32,豊場 大行,200-0011,222-2233,営業第二,馬嶋 直敏,002-0002,501FEea3
33,鷹本 裕久,200-0012,222-2234,営業第二,馬嶋 直敏,002-0002,B11DEfFF
34,名木橋 匡裕,200-0013,222-2235,営業第二,馬嶋 直敏,002-0002,e0Da0Dfa
35,青海 高男,200-0014,222-2236,営業第二,馬嶋 直敏,002-0002,AFbed03E
36,織山 優和,200-0015,222-2237,営業第二,馬嶋 直敏,002-0002,1adbEc7A
37,鬼塚 和哲,200-0016,222-2238,営業第二,馬嶋 直敏,002-0002,54cb36e4
38,神事 寿章,200-0017,222-2239,営業第二,馬嶋 直敏,002-0002,Dd3Ae2Cd
39,植之原 嘉光,200-0018,222-2240,営業第二,馬嶋 直敏,002-0002,fA74DbF3
40,遠江 宏次,200-0019,222-2241,営業第二,馬嶋 直敏,002-0002,DC7D0c6C
41,江富 善人,003-0003,333-3333,営業第三,江富 善人,003-0003,B46D6cC6
42,蛇岩 兼義,300-0001,333-3334,営業第三,江富 善人,003-0003,f5610B6E
43,木場田 征雄,300-0002,333-3335,営業第三,江富 善人,003-0003,14faBc7f
44,兼康 和禎,300-0003,333-3336,営業第三,江富 善人,003-0003,1AfDDD0d
45,市中 靖一,300-0004,333-3337,営業第三,江富 善人,003-0003,bdE716Af
46,谷河 茂,300-0005,333-3338,営業第三,江富 善人,003-0003,Fe3AB5EA
47,水谷 祥徳,300-0006,333-3339,営業第三,江富 善人,003-0003,5C6137eF
48,毎原 眞琴,300-0007,333-3340,営業第三,江富 善人,003-0003,fca6eb3B
49,? 徳文,300-0008,333-3341,営業第三,江富 善人,003-0003,Ea7bc35D
50,百本 琳,300-0009,333-3342,営業第三,江富 善人,003-0003,efF6C066
51,松崎 幸子,300-0010,333-3343,営業第三,江富 善人,003-0003,De3f05FC
52,寺井 弘子,300-0011,333-3344,営業第三,江富 善人,003-0003,34A0d103
53,滝本 睦美,300-0012,333-3345,営業第三,江富 善人,003-0003,cfE5c2c4
54,平原 希美,300-0013,333-3346,営業第三,江富 善人,003-0003,a46F1cfB
55,四宮 冴子,300-0014,333-3347,営業第三,江富 善人,003-0003,CAe6d1E4
56,梶浦 晴代,300-0015,333-3348,営業第三,江富 善人,003-0003,1DC5cfac
57,梨本 和香奈,300-0016,333-3349,営業第三,江富 善人,003-0003,2fb35F6c
58,逢坂 理美,300-0017,333-3350,営業第三,江富 善人,003-0003,eaCCCCB1
59,豊沢 みやび,300-0018,333-3351,営業第三,江富 善人,003-0003,C1fCC6AF
60,廣谷 里加,300-0019,333-3352,営業第三,江富 善人,003-0003,a1D3cd6e
61,波岡 まち子,004-0004,444-4444,営業第四,波岡 まち子,004-0004,b1E6755d
62,中水 美津代,400-0001,444-4445,営業第四,波岡 まち子,004-0004,7E3bBB1D
63,田ノ上 絵夢,400-0002,444-4446,営業第四,波岡 まち子,004-0004,CA6aCeA0
64,戒田 晴海,400-0003,444-4447,営業第四,波岡 まち子,004-0004,35B6241F
65,井奥 加容子,400-0004,444-4448,営業第四,波岡 まち子,004-0004,6D0E7253
66,簗 冬華,400-0005,444-4449,営業第四,波岡 まち子,004-0004,B0C07ce2
67,泉地 寛子,400-0006,444-4450,営業第四,波岡 まち子,004-0004,ca0EFaBb
68,南沢 実恵,400-0007,444-4451,営業第四,波岡 まち子,004-0004,4B61fFaF
69,田 永美子,400-0008,444-4452,営業第四,波岡 まち子,004-0004,5c1C0C7B
70,宮渕 香歩,400-0009,444-4453,営業第四,波岡 まち子,004-0004,BcBf67fC
71,田面 玲緒奈,400-0010,444-4454,営業第四,波岡 まち子,004-0004,ECe1aB1d
72,葉柴 さやこ,400-0011,444-4455,営業第四,波岡 まち子,004-0004,bD27E4C3
73,圭 夏那,400-0012,444-4456,営業第四,波岡 まち子,004-0004,AFAd2AD6
74,野呂瀬 祐佳子,400-0013,444-4457,営業第四,波岡 まち子,004-0004,1AF1FbEe
75,蔵下 梨世,400-0014,444-4458,営業第四,波岡 まち子,004-0004,1233BD3A
76,戚 通江,400-0015,444-4459,営業第四,波岡 まち子,004-0004,4ec55E3b
77,小城戸 奈菜恵,400-0016,444-4460,営業第四,波岡 まち子,004-0004,03D23B3a
78,政 遥,400-0017,444-4461,営業第四,波岡 まち子,004-0004,EBDF2afb
79,拳 美砂緒,400-0018,444-4462,営業第四,波岡 まち子,004-0004,021D41DA
80,坪子 有望,400-0019,444-4463,営業第四,波岡 まち子,004-0004,B01eC0f1
81,幸谷 千純,005-0005,555-5555,営業第五,幸谷 千純,005-0005,dF1f7e12
82,外浦 花奈,500-0001,555-5556,営業第五,幸谷 千純,005-0005,Ff6E0C01
83,野治 麻紀,500-0002,555-5557,営業第五,幸谷 千純,005-0005,334Bdbf3
84,奈木 茉莉菜,500-0003,555-5558,営業第五,幸谷 千純,005-0005,CE602f5A
85,林戸 ことね,500-0004,555-5559,営業第五,幸谷 千純,005-0005,C0EBCeFF
86,神坂 咲喜子,500-0005,555-5560,営業第五,幸谷 千純,005-0005,42A6Bfe2
87,津末 愛恵,500-0006,555-5561,営業第五,幸谷 千純,005-0005,cde7FDe5
88,新村 千廣,500-0007,555-5562,営業第五,幸谷 千純,005-0005,dFA2cdAE
89,山道 縫,500-0008,555-5563,営業第五,幸谷 千純,005-0005,0DBc0d5D
90,樋尻 玲,500-0009,555-5564,営業第五,幸谷 千純,005-0005,14BdCAdC
91,神前 真梨那,500-0010,555-5565,営業第五,幸谷 千純,005-0005,1fF5ab36
92,酒多 小苗,500-0011,555-5566,営業第五,幸谷 千純,005-0005,d03e5Bc0
93,若瀬 璃音,500-0012,555-5567,営業第五,幸谷 千純,005-0005,ad0d4C41
94,羽尾 公実,500-0013,555-5568,営業第五,幸谷 千純,005-0005,c6d5c3A5
95,日々 瑠南,500-0014,555-5569,営業第五,幸谷 千純,005-0005,eAB7Ac72
96,佐々波 杏沙美,500-0015,555-5570,営業第五,幸谷 千純,005-0005,cae7F0C5
97,西亀 万樹,500-0016,555-5571,営業第五,幸谷 千純,005-0005,6-Feb-62
98,表口 連,500-0017,555-5572,営業第五,幸谷 千純,005-0005,a1C0fDa3
99,糟谷 裕衣子,500-0018,555-5573,営業第五,幸谷 千純,005-0005,C2efAb54
100,片澤 美衣奈,500-0019,555-5574,営業第五,幸谷 千純,005-0005,02ADeaFa
